104.248177,130.591766,45.919674,1
869.627991,295.043793,25.122837,0
1219.129028,-98.974579,6.092715,0
356.749176,-30.600908,-9.824823,0
643.147095,449.845886,44.866482,1
1245.680176,49.272137,19.598377,0
404.983673,165.547653,27.865841,0
1782.631958,289.477203,32.965176,1
1525.086182,14.975429,16.346933,0
980.611572,213.925598,23.682974,0
1268.248535,-57.646412,14.411450,0
1185.143555,195.980713,20.425123,0
997.781311,32.279430,11.679128,0
1137.440063,284.478271,26.648151,0
827.500244,62.089912,11.362955,0
636.066772,26.493120,15.661182,0
2361.357422,226.487030,57.838066,1
2608.813721,60.112305,53.682976,1
1785.906616,146.705521,24.795984,0
1988.491455,331.629364,33.046360,1
729.084106,267.577148,32.422558,1
2206.210449,480.480347,42.535782,1
1123.633545,316.193115,31.085236,1
142.570267,28.287607,42.044437,1
1982.384644,333.716858,34.511860,1
220.453506,49.473553,-1.606494,0
371.617798,143.995483,25.782953,0
2304.803467,458.690155,45.233925,1
333.826721,229.746384,41.459087,1
919.986633,327.326294,32.226021,1
997.073303,89.996025,18.196966,0
2571.199707,44.090092,39.916683,1
763.600586,340.675079,32.700275,1
516.055786,194.955276,30.046999,1
1562.523193,-75.133514,15.458235,0
2139.478760,423.386353,46.733604,1
2342.063721,266.002380,37.209995,1
405.514709,339.082001,35.883362,1
2425.345703,70.403152,33.744926,1
594.293030,159.486679,26.945097,0
2353.215088,303.997925,44.834438,1
299.310303,354.792938,52.621235,1
1698.641846,-79.857780,16.479383,0
1337.192871,440.800171,34.430676,1
815.906250,208.249146,26.049992,0
1340.910034,398.062073,33.563343,1
1573.586182,-29.081089,16.895962,0
422.595917,83.916748,5.977355,0
411.709961,348.512238,37.468491,1
1857.240479,-17.105623,21.172827,0
2179.216797,431.150238,43.217258,1
454.988251,256.572144,28.060242,0
934.147217,469.090881,35.507370,1
614.648865,8.420056,2.174749,0
662.706360,173.641159,21.651356,0
876.531250,250.639359,29.694508,0
2226.477783,491.485352,47.900021,1
409.408844,475.115204,53.001495,1
1741.566284,275.688965,30.100405,1
1837.592773,35.410625,19.824823,0
2659.172363,88.549461,48.314465,1
889.983826,338.111511,30.587482,1
1869.630981,375.832397,33.037815,1
370.024719,451.530518,59.628284,1
2530.930420,217.130051,39.920956,1
1584.295166,94.006165,19.072847,0
1352.681030,-86.999115,14.257638,0
234.968109,-36.387218,3.700064,0
2482.165039,51.872307,36.566975,1
155.403305,-14.981538,-5.103611,0
1686.074341,408.462799,34.607990,1
834.315002,30.668051,11.301004,0
1097.259399,-34.849087,12.514420,0
184.875031,294.952240,54.597305,1
2683.333740,109.662163,44.926300,1
224.082153,17.172766,16.972870,0
1402.862671,170.509964,22.606281,0
2094.961426,19.589828,27.314676,0
2129.743164,443.089081,46.975006,1
2062.391846,299.859619,33.653065,1
1072.655396,112.848289,12.992949,0
316.480011,285.613586,44.616531,1
221.958069,73.662521,35.248878,1
393.655212,215.976456,35.144199,1
1321.350708,109.808647,15.802178,0
391.088593,38.560139,16.276436,0
1959.904663,322.016052,33.518478,1
155.137787,213.797424,39.284340,1
1113.809570,55.497902,18.111515,0
2272.499756,342.085022,56.419571,1
1097.524902,-37.046417,10.446486,0
479.503754,-40.470596,6.295663,0
160.359512,213.998840,57.861565,1
474.724579,-74.309517,4.208503,0
1696.694824,-24.887848,19.476606,0
1283.471191,320.734283,30.408035,1
505.523834,151.887573,27.278360,0
1629.255005,-53.599659,17.861568,0
2185.235107,453.563019,45.641956,1
2706.079346,161.738953,47.761162,1
1127.085205,189.571823,22.559282,0
1278.780518,-52.867214,7.876523,0
1118.234863,-1.504564,13.274940,0
1973.268921,432.248901,36.804100,1
2119.831055,484.618683,54.889984,1
2317.371094,301.269562,43.685112,1
297.451721,-34.409618,2.326426,0
1200.012207,237.400436,25.943174,0
729.880676,372.298340,31.145054,1
2074.694092,31.968134,22.542192,0
461.626038,445.194855,44.443493,1
447.819458,-51.695301,-9.974364,0
2132.221436,197.408981,28.914762,0
203.991821,148.994415,37.173679,1
1071.947388,25.431072,12.986541,0
1151.512207,444.975128,38.149967,1
1214.261230,294.402924,24.943388,0
325.418854,315.753662,57.214272,1
1265.416504,137.110519,23.550524,0
1084.337891,89.757988,15.161290,0
337.897888,49.894714,-1.506088,0
1247.007690,200.375366,22.505877,0
1584.206665,-0.021365,18.335825,0
1012.030396,440.012817,32.999355,1
1500.393677,157.564026,25.133518,0
1668.019653,346.424744,30.576801,1
2139.744141,-4.745629,25.906858,0
448.970001,327.710815,40.974152,1
720.853271,146.595657,15.684683,0
1260.991211,259.849854,24.009829,0
1400.207520,358.381897,32.781456,1
281.432526,-34.080021,9.292886,0
2567.128662,205.868713,47.231361,1
952.555908,-6.045714,10.677205,0
369.936218,80.217911,9.801325,0
1746.256958,-62.425613,18.534500,0
637.836853,72.911766,12.935271,0
381.795715,348.951691,52.311474,1
980.700073,376.161987,34.261909,1
2087.350098,380.355225,37.308266,1
698.815857,361.128571,38.602859,1
560.573120,462.462219,45.554367,1
410.293884,222.183914,38.884857,1
2587.749756,128.962067,46.058533,1
441.712708,428.952911,51.775261,1
199.124115,260.948517,54.031189,1
358.519226,185.396896,40.679344,1
1483.046997,-79.070404,14.125187,0
2782.015625,-0.863677,40.730614,1
445.164368,366.969788,44.319588,1
1481.188477,201.235992,23.191628,0
1854.939453,461.070587,39.224525,1
162.660599,165.694138,46.966461,1
289.928894,163.808090,21.461226,0
2682.183350,54.106266,48.340099,1
432.331299,57.164215,4.919888,0
405.868713,329.688416,47.083958,1
2072.304443,157.673889,30.694298,1
2203.466797,364.973907,59.630421,1
223.905151,330.603943,58.615681,1
160.093994,208.725220,59.797050,1
703.329590,-18.094421,12.473831,0
1280.639038,410.769989,36.116215,1
149.562057,261.369659,54.738304,1
2053.984131,9.994808,21.726128,0
1182.665405,297.772125,28.363600,0
332.941681,-23.715937,-3.012177,0
1613.678345,45.005646,17.667166,0
1225.412720,266.112244,27.327494,0
415.073090,217.514572,37.004913,1
2072.304443,384.493530,37.823116,1
201.690720,30.173647,9.055758,0
1645.539795,492.419220,40.901516,1
231.427963,10.452589,-5.184790,0
146.641434,27.134007,38.171329,1
2297.280762,434.849060,46.942959,1
345.420715,483.886230,56.789146,1
377.459045,-45.927307,0.316172,0
2555.711670,85.345009,38.649860,1
574.468201,-80.993073,-9.598376,0
2416.760742,188.546402,39.440292,1
1665.718506,111.529892,20.794701,0
1056.105225,226.761688,25.238197,0
551.722778,11.514637,14.631489,0
102.566605,109.369179,15.409101,0
318.869598,166.591385,22.326426,0
2753.251709,-14.725182,43.627430,1
2533.320068,121.582687,36.964325,1
1408.172852,100.122086,22.898952,0
2435.258057,209.311203,43.757744,1
699.346863,340.711700,36.678059,1
871.486511,-83.043915,-1.076693,0
1995.040771,392.532104,40.202946,1
402.682587,-3.152558,13.027131,0
624.561279,145.753342,18.017517,0
415.515625,32.902008,6.633198,0
929.279480,-49.369793,8.139286,0
1904.855591,468.614746,37.017731,1
1164.610718,357.374786,32.933132,1
655.980103,179.573959,21.858578,0
2156.560059,203.158676,34.684898,1
2825.116699,3.787345,50.335396,1
293.292023,140.021973,17.235632,0
598.010193,499.230927,52.285839,1
843.430847,259.666748,25.396284,0
1855.735962,132.624283,27.934200,0
1006.277649,332.709717,31.935486,1
2160.100098,470.262787,44.981842,1
410.382385,40.610981,17.660757,0
429.941711,153.498947,26.372570,0
2680.413330,154.194778,42.883999,1
592.080444,224.912247,33.452255,1
599.691772,358.729797,41.683399,1
1873.967651,393.026520,37.113865,1
994.329651,-73.888367,9.782097,0
2456.764404,-32.468643,31.384321,1
2080.269775,221.066925,31.239054,1
2428.885742,148.371841,56.759239,1
108.053833,-3.811765,-1.309550,0
1494.994995,262.907806,25.511644,0
499.771088,-47.849972,1.204871,0
1520.041504,110.669281,19.042940,0
679.964600,37.846001,15.163426,0
1754.841675,379.091766,32.706684,1
370.909760,180.361328,25.197605,0
1151.158203,229.618210,26.276436,0
2391.006104,327.655884,39.177528,1
141.154205,51.030003,25.415510,0
2476.766357,-4.177985,27.972656,0
1043.891724,-38.584553,11.051058,0
2109.033447,171.370590,29.312115,0
294.531097,43.925289,1.879941,0
106.637779,5.142370,42.424694,1
2360.737793,124.219498,36.453751,1
1171.602539,337.507233,31.698355,1
2607.397705,101.605270,41.053192,1
494.549408,494.415100,52.672504,1
255.412460,431.113617,57.017731,1
1029.377075,196.584976,26.733604,0
687.664429,278.270844,30.175177,1
2268.428711,-67.644279,26.165352,0
275.325775,66.960663,22.740868,0
2149.125732,44.438000,27.769707,0
1145.051392,195.468002,26.141850,0
1939.194946,375.338013,39.438156,1
2423.752441,26.493120,32.548599,1
681.469177,443.400391,44.778896,1
2319.937744,474.620789,45.421917,1
279.573944,213.211456,35.255287,1
641.288452,265.269958,23.142490,0
2429.416748,243.205063,39.412518,1
2485.262695,303.027435,48.609272,1
602.700867,11.899167,-0.126041,0
890.780334,250.364700,29.173256,0
1950.611938,352.943481,33.868832,1
2384.368408,133.777893,32.221748,1
2838.834961,-5.240032,42.514420,1
108.496353,17.172766,-2.920316,0
2048.408447,482.311462,42.651142,1
1740.415771,-1.174966,21.617174,0
286.565765,-4.818871,-8.827174,0
1382.595337,-23.880732,15.629139,0
230.896942,-42.356636,5.204016,0
599.780273,412.509521,42.431103,1
765.016663,-85.113075,-4.084598,0
472.511963,425.254059,51.072422,1
1464.284180,236.759537,25.975218,0
1444.105347,480.700104,35.223244,1
164.784698,184.719391,52.747276,1
128.852203,-42.320015,-1.320231,0
193.548386,20.999786,-3.133946,0
2445.170410,-83.373512,27.929928,0
776.787598,429.264221,42.362743,1
391.796631,380.263672,41.136509,1
2170.720703,205.081314,30.758385,1
1464.284180,-11.777094,18.199102,0
252.580338,175.728638,28.006836,0
345.509216,182.027649,33.663746,1
1291.702026,-52.757351,9.064302,0
943.440063,474.364441,40.976288,1
619.605103,452.079834,48.359325,1
133.719894,230.515457,53.516346,1
269.484558,-44.004639,8.085880,0
2258.073730,-54.332100,23.027130,0
2480.925781,104.901276,52.916042,1
1220.722046,-33.530685,9.051485,0
818.384338,171.132553,16.214483,0
425.516541,489.580963,51.941891,1
373.210846,312.988647,45.765862,1
340.198975,16.440317,-5.242470,0
2270.729736,160.017700,36.248665,1
264.262817,14.737391,23.349712,0
873.964661,390.462982,32.283699,1
396.752838,34.275333,-0.989105,0
2352.064697,380.941162,44.206364,1
666.069519,-38.309887,7.671437,0
2730.948730,11.056855,48.128605,1
151.155121,-17.233807,25.460371,0
885.204590,226.706757,19.397564,0
652.439941,435.050537,44.159367,1
1069.115234,477.385803,39.104893,1
1025.925537,190.633865,24.783167,0
2460.835693,241.776794,37.624439,1
682.265686,24.936670,4.257637,0
920.871643,443.546875,38.220467,1
2639.436035,153.553879,51.456955,1
849.272156,-41.294594,4.182867,0
1491.720337,89.007240,21.835079,0
2264.711426,429.721985,41.480453,1
382.946259,59.196758,24.477674,0
1571.019653,-53.709526,12.313607,0
2745.994385,108.801529,47.504807,1
1712.979614,-43.546864,15.321511,0
1384.896362,143.995483,20.418715,0
498.443542,150.532562,19.993591,0
126.197090,47.294537,30.999786,1
799.002075,1.223797,2.943816,0
2247.099121,238.901932,32.719501,1
1745.991455,-65.666679,13.956419,0
365.511047,-60.539570,-2.005981,0
753.776672,-78.337959,5.985901,0
1005.127136,93.511757,16.114079,0
1805.819824,423.551147,34.635761,1
274.263733,382.479340,58.359325,1
2899.459717,-60.063477,38.641315,1
2900.079346,-34.629353,42.232430,1
2809.186035,39.201023,45.609913,1
2020.441284,345.106354,36.515701,1
1284.356201,187.740707,20.427259,0
327.365936,-23.807489,3.877377,0
531.809448,41.306801,9.175388,0
2327.460449,423.093353,44.170048,1
2002.829102,471.416382,38.916901,1
963.884399,292.223907,23.787651,0
542.164368,-3.170878,6.628925,0
473.308533,286.254486,29.051487,0
1112.836060,109.900200,18.498184,0
372.768341,31.748407,15.005342,0
2065.666748,438.401428,38.590042,1
2641.648682,155.751205,48.145695,1
417.108673,104.736465,16.428114,0
2475.084717,168.330948,51.341595,1
1305.597168,75.988029,17.929930,0
327.188934,25.943787,2.963042,0
1149.211060,-26.572468,8.438369,0
197.177032,97.064117,19.500107,0
2509.335449,205.117935,53.943604,1
628.809448,424.741364,44.112370,1
1811.218628,-16.794336,17.733391,0
372.237305,33.671070,13.368938,0
1070.796875,-49.974056,6.135441,0
2249.843018,426.187927,54.693439,1
1656.691162,222.898056,28.314461,0
284.530182,103.967407,31.798761,1
2736.967041,-94.726402,32.012390,1
1363.567017,441.990387,37.761162,1
962.733887,96.789459,11.251869,0
509.329498,-33.292645,-1.087374,0
2135.673096,291.930878,33.403118,1
2549.073730,96.221809,36.186714,1
278.777435,193.856628,37.761162,1
403.656128,158.662674,19.880367,0
738.023010,234.287537,26.133305,0
2286.483398,-63.139744,26.017942,0
154.164246,220.517609,44.071777,1
270.104065,-19.687492,-4.582354,0
107.965332,79.869995,5.449690,0
2771.306641,-59.257790,45.400555,1
313.913391,159.999390,38.780174,1
1248.512207,-74.034851,8.942533,0
1690.145630,356.697296,34.264046,1
1102.215698,322.034363,32.029480,1
2270.818115,496.777222,44.573807,1
2597.839355,62.126534,54.358044,1
1039.289551,27.555159,17.218542,0
190.185257,105.999947,18.859219,0
383.919800,90.508743,5.898312,0
2191.961426,328.571442,57.126682,1
1718.732300,442.905975,33.960693,1
2122.486084,161.665710,28.461866,0
381.618713,-89.580978,-5.913267,0
106.372261,45.536671,25.063019,0
702.975586,92.175056,13.640248,0
1317.014038,-49.058502,11.164282,0
581.991028,97.521896,14.772484,0
2130.097168,382.992035,42.960903,1
1840.247803,326.026215,34.005554,1
2463.225098,336.024048,43.112579,1
1400.119019,-34.134953,13.330484,0
2639.170410,-86.138496,34.578083,1
1194.436401,-10.055849,11.461226,0
184.078491,89.025551,28.553728,0
2780.687744,-13.681444,38.194828,1
711.737427,277.501740,28.511003,0
620.136108,188.674591,21.221962,0
774.663513,35.978271,16.037172,0
681.026611,160.896622,21.837215,0
2251.967041,163.899643,30.179449,1
1197.357056,127.478859,17.160862,0
581.460022,3.347883,4.691306,0
269.661560,74.321732,16.797693,0
2331.797119,258.494843,57.994019,1
499.328583,172.945343,28.654135,0
907.861572,179.299301,17.818842,0
2031.415771,478.942230,44.654991,1
2552.791016,244.560074,50.166630,1
2082.305420,148.701431,26.720787,0
1179.656372,240.403442,21.907713,0
2394.723389,165.547653,58.008972,1
2305.777100,456.089996,44.913483,1
821.570496,242.655701,20.378124,0
1109.295898,367.336060,32.736595,1
434.986420,-10.403758,-3.353984,0
1273.204712,-63.908810,12.888272,0
1653.770508,181.203644,26.404613,0
2506.680420,283.581024,41.132236,1
420.206299,356.752228,52.738731,1
237.446213,29.404587,-4.503311,0
613.321289,441.367828,45.849174,1
1259.663696,172.267838,24.353771,0
1913.174805,374.898529,34.909206,1
1844.053467,166.389969,27.205725,0
383.477264,281.218903,38.147831,1
256.562988,11.917478,14.238412,0
915.030396,360.121490,29.876097,0
2403.219727,233.884705,44.936981,1
297.009186,161.024796,41.465496,1
2743.604980,-41.239662,39.333477,1
1892.907593,337.012848,35.654774,1
2416.849365,192.300186,54.582352,1
293.911560,492.071289,59.989319,1
572.344116,307.751709,31.958984,1
1702.801636,244.505142,27.064730,0
178.591263,-25.254068,4.313181,0
321.082184,190.194397,31.892756,1
2133.106445,157.106232,31.409956,1
1147.972046,146.778763,22.467422,0
1221.076050,8.694723,17.214270,0
2737.763672,54.271061,52.076481,1
2573.235352,191.659302,53.262123,1
661.998352,-90.990936,0.801111,0
2200.369385,163.515121,31.204868,1
311.523804,118.689529,15.244605,0
511.099579,20.578634,0.540482,0
156.553848,32.023075,15.236060,0
1791.305298,283.141571,31.815851,1
348.164307,-47.630234,3.697928,0
2411.362061,145.881531,55.383465,1
643.058594,250.529495,29.829096,0
804.489319,37.461468,5.795770,0
2341.355713,363.417450,47.066864,1
2710.239014,83.129379,45.082249,1
829.712830,27.353743,6.699424,0
2813.611328,-94.946136,48.175606,1
148.145996,210.428177,47.254860,1
582.787537,466.563904,45.810722,1
911.224670,436.936554,32.775047,1
1614.297852,301.178009,29.450974,0
329.490021,209.897141,28.502459,0
2174.614746,496.044800,57.203590,1
2346.754395,185.525070,59.130527,1
226.206238,204.330582,49.292889,1
263.820312,233.518494,57.308266,1
496.319458,-86.577957,-0.600299,0
635.801270,-55.265972,1.790216,0
342.500061,79.375587,22.862637,0
2220.636475,230.680252,32.796410,1
1772.630981,117.352829,23.776970,0
1408.615356,354.701385,28.797266,0
808.914490,111.548203,14.597309,0
2178.774414,440.122681,51.140781,1
714.392517,-46.769619,8.348642,0
314.267426,125.867477,38.466137,1
2407.556396,-64.531387,30.469986,1
236.915192,349.995422,59.198887,1
1803.430298,366.585266,32.484512,1
1306.482178,361.915955,30.414444,1
189.565720,222.879745,45.436871,1
363.740936,320.001831,37.158726,1
2788.299316,16.422007,48.959621,1
370.998260,286.895355,47.611618,1
1430.475830,134.382156,24.129459,0
2448.710693,164.467300,51.796623,1
2335.072021,377.498688,57.624439,1
489.858673,481.597321,51.480453,1
2649.614014,206.216614,46.131172,1
2313.831055,108.764908,31.623583,1
726.694580,232.328278,30.920742,1
237.711716,-74.327827,-4.473403,0
2598.724365,24.863428,37.867977,1
838.651733,-84.087646,3.101901,0
873.345154,270.708313,26.265755,0
1686.074341,214.493225,24.665670,0
2468.358398,191.952271,45.060886,1
455.696259,248.130737,28.502459,0
433.570343,378.707214,49.700920,1
1727.582520,156.337158,25.970945,0
408.700836,181.752991,22.243111,0
1254.530518,-55.961788,10.986969,0
1399.057007,159.047211,19.183935,0
1370.116211,357.795959,29.948729,0
583.141541,365.614777,43.606068,1
2751.481689,-6.192207,41.954712,1
103.274635,40.501118,33.762016,1
351.173431,366.878235,52.275154,1
1723.688477,349.208038,33.195900,1
1782.012451,427.506317,36.355480,1
726.606018,173.659470,15.953856,0
483.397949,259.556885,40.010681,1
237.623215,38.578449,-1.153600,0
2131.690430,21.073029,23.129673,0
1019.730225,352.815308,34.291817,1
2756.260986,8.859528,44.264046,1
2528.806396,3.402814,54.296089,1
202.929779,-45.634327,3.281351,0
203.106781,26.676226,3.371074,0
2893.264648,-91.503647,40.194401,1
249.482712,57.988228,15.084384,0
1649.433960,298.101746,29.643238,0
922.199158,260.344238,24.358044,0
2009.466797,358.784729,34.599445,1
1657.133667,306.176971,29.329205,0
366.307556,232.181747,29.297157,0
1028.492065,487.017426,34.631489,1
1787.234131,217.477951,29.577011,0
1943.000488,286.437592,35.588547,1
480.211761,163.679916,22.095707,0
148.588516,-94.872887,-9.967956,0
986.452820,314.673309,27.773979,0
240.278320,37.186802,-1.521043,0
2737.763672,77.947327,48.884853,1
1406.225708,234.910126,23.151035,0
2344.187744,190.798660,59.305706,1
2304.184082,352.522339,54.193550,1
2391.625732,414.651917,54.084599,1
542.606934,436.570343,41.568039,1
2183.111084,360.066559,38.955353,1
1929.724976,58.189644,23.076265,0
880.690979,472.533356,37.964111,1
240.543839,353.987244,50.773338,1
2252.852051,315.332489,37.280495,1
320.374146,140.443115,24.548172,0
506.143372,236.649673,36.844692,1
2335.072021,156.575211,35.050205,1
371.706299,464.439850,48.549454,1
315.152435,201.950150,41.798763,1
2727.143311,-13.663134,35.938904,1
159.651474,7.907343,-6.913053,0
287.450806,-26.993624,-0.536210,0
250.810272,137.458420,37.814571,1
433.658844,346.955750,50.337532,1
2625.983398,-22.434155,56.769920,1
100.531021,184.298218,44.441357,1
259.218109,83.129379,15.648365,0
398.611420,-91.210670,1.944029,0
576.149780,346.168396,35.048065,1
2553.322021,180.910660,37.385178,1
2030.176758,445.963928,38.611408,1
221.338547,37.992493,25.312965,0
469.502869,-18.369087,3.266396,0
685.894348,31.601915,13.454390,0
1674.834473,228.977341,25.308693,0
1137.351562,163.771469,22.458878,0
118.851280,79.833374,15.152745,0
619.782104,478.667572,49.006622,1
722.357910,273.491638,23.883785,0
2658.110352,3.146458,38.525955,1
963.618896,395.297119,33.999146,1
754.838684,310.406799,34.484081,1
771.565918,-58.287300,1.038240,0
1333.033203,412.802521,30.328989,1
1264.619873,336.536743,27.658619,0
2529.160400,187.099823,55.392010,1
1992.031616,394.399872,38.171329,1
1114.517578,424.979401,35.500961,1
1726.609009,277.117218,28.929716,0
2555.446045,111.914429,50.243538,1
1483.932007,-83.648186,13.123263,0
459.944458,142.329178,17.278358,0
347.013763,345.252838,40.792568,1
1932.999756,402.401825,39.886776,1
208.328506,86.736664,28.797266,0
763.689087,130.115677,18.320871,0
2415.610352,191.091644,39.459518,1
229.126862,110.797455,44.813076,1
1702.182129,441.715729,33.326214,1
2386.669678,331.904053,39.534286,1
2654.216064,19.937738,36.947231,1
2504.556396,203.543198,52.091434,1
2177.269775,-3.079316,28.863489,0
2865.208984,-52.024902,45.287331,1
1235.325195,339.649628,26.515701,0
1980.880127,349.244659,36.622517,1
846.528564,422.708832,38.444775,1
129.471725,-41.019928,14.588764,0
1225.501221,390.646088,31.025421,1
370.732727,168.532364,34.377270,1
395.425262,366.841614,39.634693,1
569.866028,241.300690,33.217262,1
2024.777954,336.683258,38.882721,1
612.790283,155.696274,22.851955,0
2282.146729,448.728882,45.740227,1
1730.149292,396.652130,36.923733,1
2192.580811,450.944550,40.617390,1
1810.599121,493.975647,36.086308,1
1771.657471,194.259460,26.120487,0
129.294724,91.753891,29.425335,0
497.558533,-96.008179,0.416578,0
191.247299,112.134155,28.043152,0
186.822098,33.964046,2.108524,0
434.366882,168.257706,24.975433,0
1686.959351,6.662190,16.009399,0
550.749207,200.082397,19.666739,0
926.004822,373.763214,29.222389,0
2915.213379,-44.608906,44.496902,1
915.738403,256.041138,29.933775,0
1821.219482,138.117615,28.504595,0
477.291168,-5.789357,5.184789,0
212.842194,141.560104,45.695362,1
235.322113,128.083130,22.888271,0
645.625183,308.172852,34.704124,1
2836.799072,-25.565355,38.778038,1
2364.278076,302.478088,48.000427,1
2182.757080,387.496582,40.444351,1
1856.443970,389.840393,35.983765,1
629.606018,323.316132,34.612263,1
2633.683105,-8.188120,41.446270,1
1652.354492,-58.745079,16.000854,0
2166.914795,495.147552,48.472549,1
243.464462,104.058960,31.681265,1
1773.338989,335.639526,34.018372,1
126.020081,97.668381,28.288826,0
535.172546,-58.488724,7.205725,0
1002.206543,18.362988,14.593037,0
202.752762,41.123695,9.493697,0
366.484558,221.048615,27.284769,0
1273.116211,-27.817621,12.634052,0
1353.920166,493.499542,37.667168,1
2241.789062,460.209961,43.362530,1
1827.945801,404.214600,33.999146,1
547.032104,135.077972,14.680624,0
1421.094360,347.083984,27.397993,0
2378.704102,229.123825,40.608845,1
329.401520,324.268311,54.291817,1
1219.571533,36.344490,11.830805,0
1763.692139,256.260864,27.912838,0
2266.747070,441.679108,54.889984,1
2015.662109,344.172485,32.864773,1
2470.393799,120.648834,55.251015,1
2612.354004,105.981636,49.414658,1
949.989319,79.888306,10.967743,0
754.661682,299.932861,33.178810,1
2486.059082,-47.318947,33.563343,1
1275.151855,246.464447,26.270027,0
2598.281738,-27.909178,35.590683,1
371.706299,343.147064,41.935486,1
1714.572632,111.401718,25.231789,0
1653.239502,437.687317,32.869045,1
702.179016,114.075127,22.102116,0
2267.986084,349.409454,56.229435,1
2439.063721,290.813904,50.373852,1
485.433502,301.873840,31.864985,1
2460.924072,143.208099,36.370434,1
2365.340088,430.600922,50.585346,1
559.865112,112.683495,18.135015,0
2180.367432,353.273132,57.872246,1
340.553009,184.005249,22.142704,0
2568.456055,66.612747,39.758598,1
527.738281,76.903595,8.626361,0
381.618713,30.320141,19.630421,0
720.322266,-27.561268,9.463790,0
2469.774414,253.239517,51.997433,1
2093.456787,-84.710228,22.623371,0
641.199951,399.124115,44.242683,1
1774.666626,120.245979,25.695364,0
2790.600342,-84.417252,50.905788,1
1905.652100,34.623253,25.210426,0
805.462830,142.677078,17.103182,0
324.887848,121.216476,22.672506,0
832.102356,459.862061,35.793633,1
202.133240,20.706808,-8.179876,0
1047.166260,115.301971,18.545183,0
110.797447,236.100357,49.222389,1
2419.327393,141.486862,36.660969,1
630.048523,212.735382,23.014313,0
2202.935791,450.724823,49.416794,1
429.764709,-64.275032,0.581073,0
1222.669067,424.338501,37.402267,1
883.788574,386.562683,29.696644,0
2320.911377,70.604568,30.228582,1
1982.384644,37.040318,23.069857,0
993.710144,330.970184,34.073914,1
386.663422,376.509918,53.638111,1
1157.973022,-26.664021,6.797692,0
513.931702,161.079758,25.550097,0
2393.395752,190.469070,53.909420,1
2402.954346,110.431221,57.199318,1
716.693665,-42.942593,3.729973,0
2152.577148,-14.706871,28.077332,0
498.974579,485.406067,44.174320,1
173.546555,-5.917540,2.755821,0
754.219177,443.894775,42.834862,1
236.295670,81.151764,26.855375,0
502.957275,107.281723,23.544115,0
158.058411,116.711937,31.510363,1
101.593063,175.765259,49.570606,1
1882.021606,303.027435,33.913692,1
797.497498,341.883606,30.187994,1
2494.113037,225.113663,50.395214,1
1386.400879,152.015747,22.003845,0
2198.599121,447.209076,57.647938,1
276.476318,188.619659,29.906004,0
642.173523,458.800018,37.803890,1
2335.160400,120.099495,58.948940,1
2616.336426,83.550522,44.212776,1
2135.761475,414.285706,37.536854,1
2931.586670,-76.506851,44.541763,1
1464.903687,423.422974,35.434734,1
1311.438354,224.271378,23.262125,0
1196.383545,-40.122684,14.640034,0
995.126160,435.215332,34.242683,1
525.968201,88.329712,20.489212,0
402.771088,-78.008362,-8.305918,0
285.326691,328.150269,52.525101,1
963.353394,213.138214,21.301004,0
1372.240356,433.768707,33.262123,1
1004.419067,128.119751,18.252510,0
2432.426025,362.794891,51.162144,1
2011.236816,162.617874,27.389444,0
1591.463867,20.816671,15.456099,0
2110.361084,446.879486,47.030548,1
2120.627441,344.978180,38.889130,1
631.907104,-69.786674,4.387951,0
1320.731201,217.899094,27.101046,0
1680.233154,86.791595,25.131382,0
1480.568848,260.234375,30.634480,1
808.029419,87.176117,14.001282,0
2319.583740,397.933899,41.681263,1
2578.103027,-41.038242,35.184788,1
1179.390869,-42.942593,9.072847,0
2340.736084,321.393494,57.481308,1
2452.516113,-88.775291,25.137791,0
2263.560791,20.230717,25.488146,0
994.152649,454.020813,39.980774,1
1407.995850,228.977341,23.708609,0
2093.456787,-1.779231,23.853876,0
822.898010,-52.995392,2.516556,0
287.627808,70.934174,1.262551,0
328.782013,463.341187,55.204018,1
2386.758057,46.397293,29.154026,0
2508.716064,-33.439133,29.899595,0
2324.717041,301.947083,41.518906,1
335.154266,363.875244,46.387524,1
1351.796021,224.948868,28.139286,0
2428.797119,181.807922,34.659264,1
1158.946533,149.580368,17.269814,0
2307.370361,176.424454,57.964111,1
1742.274292,254.118469,27.850887,0
926.181824,185.671570,19.769279,0
2128.061768,497.747742,51.254005,1
161.067535,155.073700,33.531296,1
569.512024,64.378807,15.312966,0
2061.595459,410.184021,38.575089,1
935.032227,113.196205,15.233924,0
641.553955,231.028152,29.718006,0
462.599548,62.712490,18.049561,0
750.590515,492.822052,37.436447,1
2448.268066,289.294098,46.720787,1
188.149658,26.035339,12.933133,0
2059.205811,429.483948,43.349712,1
749.351501,82.122261,9.102755,0
2573.677734,115.613266,51.760307,1
2361.091797,34.476761,32.339245,1
2322.327393,310.718079,47.957703,1
238.154236,-10.440379,15.748773,0
1767.232178,386.654236,36.231575,1
1764.134644,396.029541,35.584274,1
246.296570,-12.033451,3.537705,0
508.444458,449.461365,48.211922,1
337.809387,-5.038607,2.894680,0
358.165222,13.400677,-5.825678,0
119.824821,85.308388,34.578083,1
804.577820,167.580200,19.243752,0
760.591431,250.328079,31.726126,1
182.485428,161.738953,54.266182,1
2334.895020,321.814636,53.527027,1
2146.824463,476.287140,43.954285,1
286.742767,64.598534,9.130527,0
2836.887695,16.898098,44.105961,1
1782.277954,338.477722,31.995300,1
1061.415405,199.441513,20.316172,0
2355.604736,250.547806,36.472977,1
2338.966064,-91.393784,24.898525,0
1479.860840,459.898682,33.926510,1
1635.450317,59.782715,17.348858,0
1607.837158,421.720001,31.969666,1
447.111420,94.885101,22.478104,0
423.657959,395.663330,49.205299,1
1270.284058,115.137177,21.702629,0
406.576752,340.931427,50.461437,1
183.370468,300.042725,54.452038,1
925.119751,154.268021,23.830378,0
935.828735,169.283127,19.418926,0
886.178223,166.499832,18.820766,0
919.632507,-11.484117,5.731681,0
1362.062500,202.023392,27.359537,0
183.016449,119.824821,20.724203,0
718.640686,301.141388,34.343086,1
1183.019409,347.779785,28.651999,0
1412.952148,-11.520738,16.472975,0
728.818604,169.502853,15.804315,0
2593.856689,188.344986,41.390728,1
231.781967,290.923798,59.895321,1
282.760101,232.328278,54.116642,1
1834.494995,468.230225,40.907925,1
458.793915,380.996094,40.576801,1
173.989075,305.206451,51.239052,1
2538.895996,-47.447124,28.978849,0
337.012848,84.557632,16.103397,0
284.530182,210.391556,39.694508,1
2646.693359,89.153725,44.676353,1
1294.091675,67.564926,15.582140,0
149.296539,54.582359,27.855160,0
590.310364,42.423779,9.739372,0
2575.801758,-12.509534,36.118351,1
409.408844,264.629028,44.396496,1
220.630508,69.725647,10.946378,0
1583.675659,292.333771,28.630636,0
708.020264,129.786057,12.732323,0
974.150879,-40.836819,3.915830,0
2277.544434,323.737305,53.945740,1
429.853210,-21.189001,8.333689,0
1251.078735,-90.771202,6.020082,0
1360.380859,309.692688,32.332836,1
1442.777832,-77.861877,12.595600,0
2614.389404,-98.681602,30.632343,1
2550.843994,-5.844298,53.928650,1
145.756393,108.124023,17.797480,0
1819.449463,197.170929,25.973082,0
2091.155762,413.974426,40.696434,1
1579.869995,171.608643,26.735741,0
379.052094,339.960907,44.481945,1
1911.758789,80.950348,23.625294,0
236.030151,143.739136,36.641743,1
2374.279053,274.150818,56.043579,1
2044.602783,393.777252,35.216835,1
575.087769,353.437927,41.958984,1
438.880585,-52.024902,-6.400342,0
2475.438721,295.538208,50.000000,1
740.766602,39.402451,10.920743,0
2051.948730,92.175056,24.825891,0
1749.354492,33.799252,21.247597,0
2568.013672,64.854881,40.465714,1
311.081268,23.728138,21.042513,0
1303.207520,398.446594,29.570602,0
441.004669,208.011108,36.876736,1
1754.045166,43.668930,21.570177,0
1800.244141,-70.665611,18.395641,0
2335.780029,-17.783133,27.256994,0
169.121368,2.633744,16.156805,0
2337.461426,119.696648,29.871824,0
1138.059692,349.354523,33.144630,1
1818.210327,147.822510,24.372997,0
2467.650391,-92.748802,57.880791,1
2458.357422,108.581802,55.731682,1
120.709862,-34.153263,-0.576800,0
1838.654785,327.509399,30.264898,1
138.499100,-7.602164,-5.580004,0
774.752014,130.683319,20.751976,0
1322.855347,-89.709160,10.907926,0
1321.527710,88.055054,18.124332,0
292.849518,234.397400,49.350567,1
2411.008057,184.243286,58.748131,1
1488.711182,-68.596451,15.434736,0
2030.353760,150.440979,29.512924,0
175.759155,7.889032,22.484512,0
429.676208,114.862518,26.026493,0
2395.785400,340.052521,49.797050,1
2508.804443,116.455574,34.870754,1
276.918854,125.812546,24.206366,0
1792.367310,-18.662066,17.248451,0
1286.922852,-71.984009,9.478744,0
2454.906006,215.903214,46.423843,1
266.563904,165.456100,22.531511,0
437.641541,272.374664,30.113222,1
434.632416,-36.020996,5.883358,0
1524.466675,219.711914,28.517412,0
2526.239746,-78.905609,30.715660,1
2097.085449,170.839554,28.619951,0
2661.031006,-79.271828,34.804531,1
367.369629,155.293442,26.953642,0
876.265747,483.318604,39.517197,1
1330.378052,372.554688,31.196323,1
1228.598877,111.273544,19.459517,0
1033.271362,101.513718,19.453108,0
175.493637,50.315876,-5.612049,0
1542.786865,171.114243,20.649433,0
1003.622559,335.895874,34.099552,1
1284.090698,499.212616,39.978638,1
854.759338,-95.092621,3.437299,0
675.716431,497.344910,41.136509,1
2788.741699,59.141827,43.774834,1
2760.863037,-13.132119,39.147617,1
1619.342529,56.340225,21.837215,0
2570.314697,119.458611,48.389233,1
435.782959,98.931862,9.149754,0
2395.696777,186.532181,35.755180,1
880.779480,259.208984,21.597948,0
914.941895,290.337830,27.115999,0
108.407852,-77.806938,-8.068789,0
2256.480713,144.837799,31.407820,1
684.832275,325.751495,33.225807,1
219.568466,111.163666,34.409313,1
1251.786865,131.635483,20.726339,0
350.111389,288.232056,47.088230,1
344.712677,85.345009,27.502668,0
170.360428,310.718079,57.509079,1
249.482712,168.660538,30.254217,1
954.149048,382.570892,29.647511,0
772.893433,353.456238,29.861143,0
2637.400391,-62.865078,29.767145,0
2415.433350,227.787109,41.627857,1
607.922607,240.147095,26.208076,0
1213.022217,42.423779,13.890193,0
1253.114380,-26.993624,15.274514,0
2618.549316,29.697565,56.223026,1
1364.186523,106.805626,18.897673,0
365.865051,-34.208199,5.697500,0
1904.058838,0.143439,20.307627,0
2290.466064,0.985751,26.893827,0
590.841431,337.672028,32.134159,1
1782.720459,416.080200,38.895538,1
1137.617065,51.432835,19.060030,0
2498.449463,240.000610,47.581711,1
1620.847046,398.483215,37.086090,1
1192.223877,332.032227,33.227943,1
2584.475342,0.527969,37.169407,1
2302.060059,357.081818,47.889339,1
1931.671997,200.302124,29.775690,0
646.510193,200.723297,24.877163,0
2463.048096,187.960434,41.192051,1
958.397156,334.669037,33.334759,1
383.300262,254.100159,45.073704,1
2103.457764,27.463606,27.630848,0
2021.326294,152.748184,29.000212,0
421.268341,75.457008,3.819696,0
196.026489,194.882034,35.101475,1
846.351562,379.311493,29.957273,0
967.601501,164.723663,24.114506,0
799.975586,4.098633,6.297800,0
135.489975,146.101257,50.553303,1
415.692627,133.686340,24.936979,0
1693.685669,313.043579,31.488997,1
1961.586426,-10.422069,23.650928,0
2712.717041,61.394077,52.020939,1
262.492737,95.782341,21.901304,0
829.889832,420.053711,37.998291,1
216.293823,143.702515,26.727196,0
188.503677,-65.703300,-6.079897,0
150.447098,-30.838955,5.195471,0
330.375061,486.358215,57.359539,1
369.582214,490.130341,54.684895,1
1607.394653,483.208740,35.492416,1
948.838806,432.578491,35.406963,1
948.750305,311.523773,33.450119,1
2530.134033,-44.279308,56.005127,1
2382.332764,458.140808,50.480663,1
412.772003,181.130402,36.430252,1
617.215454,364.589355,34.505451,1
476.229156,207.846313,23.723562,0
377.724548,43.888668,2.527237,0
2432.957031,281.310455,43.016449,1
454.545746,240.806305,32.911770,1
888.390747,181.313507,26.073490,0
2563.588379,10.470900,53.039948,1
340.553009,-16.006956,-9.835505,0
1247.538696,264.409302,27.393721,0
798.382507,409.268494,32.762230,1
444.102295,440.379028,53.364662,1
990.966553,325.531769,25.317238,0
770.326843,467.699188,36.515701,1
1543.052490,-60.997345,16.220894,0
1434.900879,130.903046,23.828241,0
1030.881714,-61.345257,6.056398,0
2177.889404,221.561310,37.192905,1
750.679077,-71.050140,1.854305,0
1245.591553,-25.070953,8.831446,0
1877.419434,497.674500,37.650078,1
272.847687,355.067596,58.795128,1
1945.744263,374.385834,39.066441,1
306.921600,236.613052,47.111729,1
2630.054688,153.498947,49.226662,1
441.801208,444.059570,49.673145,1
284.441650,345.509186,52.977997,1
1789.269653,227.768799,30.076906,1
980.257568,304.199341,24.447767,0
2608.017334,87.011322,52.283703,1
1441.538818,282.537292,28.861353,0
1210.101685,282.006287,28.055969,0
2379.766113,341.645569,48.944668,1
379.494629,271.275970,32.817772,1
2117.883789,-21.243933,25.981627,0
2581.112061,62.932217,42.689594,1
652.616943,-97.766045,3.964965,0
2486.324707,-99.230934,29.440289,0
1351.884521,47.862183,13.371075,0
274.971771,62.584297,6.126896,0
2178.066406,218.173798,31.529589,1
1708.377319,-0.332654,20.215765,0
1396.401855,259.758301,25.080112,0
667.220093,75.273903,12.277291,0
2557.658691,287.517944,46.857510,1
2113.547119,155.348373,32.963039,1
139.118622,-75.060272,-4.904935,0
1873.348145,413.827911,38.058109,1
2380.297363,211.050735,58.355053,1
613.321289,461.033966,40.040588,1
722.534912,295.904419,36.000854,1
231.781967,-71.892456,-6.494339,0
1944.770752,338.496033,35.419781,1
626.596863,247.325043,31.482588,1
1235.236694,36.014893,15.812861,0
249.128693,50.077820,26.579792,0
1104.339722,214.749603,22.619099,0
676.866943,112.646873,16.895962,0
1380.294189,54.435875,20.170902,0
593.585022,95.947136,14.182867,0
366.573059,426.151306,50.954926,1
2059.028809,173.677780,31.352274,1
2236.744141,-44.883572,27.566761,0
2505.618408,-56.566059,59.987183,1
378.698090,29.734186,20.568254,0
1451.982178,382.552582,33.386028,1
2229.221436,322.309021,35.949585,1
1366.222046,344.959869,28.267464,0
2193.466064,71.373627,27.759026,0
1310.553223,315.900146,29.959410,0
372.768341,-11.062956,7.690665,0
236.207169,331.373016,53.016449,1
718.198181,89.556572,17.457809,0
1246.034180,364.058350,34.332405,1
181.069366,80.547501,44.257637,1
2652.269043,-67.296364,55.699638,1
2261.790771,-89.599289,22.294380,0
506.408875,44.071781,2.497330,0
1781.304443,-39.316998,18.337963,0
969.017639,30.173647,9.314250,0
177.971741,157.472443,23.845331,0
1104.162720,267.339081,25.244606,0
162.926117,0.253302,-6.020081,0
1435.432007,330.274353,28.216194,0
143.012787,139.454330,45.885494,1
315.152435,-46.842861,-6.261482,0
514.285706,-72.148811,-3.582568,0
2331.885742,176.351212,35.409100,1
882.106995,12.668237,7.590258,0
2354.542725,14.316231,30.264898,1
1734.220459,372.554688,31.777399,1
951.493896,-5.954161,5.225379,0
411.886963,-33.475754,10.880153,0
2535.709717,271.440765,50.474255,1
2602.264404,220.755646,50.117496,1
1196.826050,418.643768,36.825462,1
2187.536377,435.050537,59.361248,1
149.650558,298.724304,54.157230,1
920.606140,55.204933,8.551591,0
471.095917,368.160034,41.412090,1
523.136108,78.789635,20.230719,0
348.872345,242.692322,32.031616,1
2072.569824,314.215515,37.462082,1
2608.371338,146.797073,46.631062,1
337.632385,24.039427,-1.147191,0
1921.582764,77.654343,23.460798,0
292.761017,4.922634,16.154669,0
1130.536865,212.039536,26.139713,0
1164.610718,199.331650,23.851740,0
483.663452,242.783875,31.217686,1
2677.758057,70.769363,38.669086,1
222.312088,4.080322,-0.984832,0
1906.714111,154.469437,30.576801,1
1568.541504,342.542816,30.576801,1
2644.569092,215.518646,45.857723,1
1106.817871,284.826172,26.208076,0
173.369553,-30.271309,-5.520188,0
331.614136,9.976498,-4.798120,0
164.165161,173.952454,53.208714,1
1710.235840,246.006638,30.726341,1
811.658081,-22.635578,7.840205,0
265.944397,176.497696,38.158512,1
2422.779053,126.270332,34.614399,1
1220.368042,37.864319,12.706686,0
560.927185,13.565481,5.827815,0
395.602295,-70.500809,5.462508,0
2128.769775,-53.544727,22.480240,0
840.067749,40.958889,13.725699,0
2764.845703,11.478006,48.532364,1
485.787506,267.155975,29.126255,0
1277.010498,307.898193,25.364241,0
1186.028564,307.824951,30.258490,1
446.668915,-71.727654,-0.495621,0
322.498230,277.025665,38.987396,1
793.691833,35.905029,14.889980,0
2591.113037,171.077621,53.529163,1
193.548386,22.171698,-8.282418,0
710.675354,46.726891,7.538988,0
1939.371948,-23.386330,19.527878,0
1215.234863,251.921127,26.620380,0
648.899841,448.069702,42.119205,1
680.938110,353.053406,29.982908,0
100.265511,47.752308,-1.773126,0
460.652466,173.769333,32.909634,1
460.298462,181.991028,18.113651,0
1130.359863,46.452225,12.401197,0
2726.700684,-86.614578,38.598587,1
2629.700684,192.703033,41.232643,1
634.385193,411.777100,44.528946,1
1364.098022,5.069128,13.368938,0
701.825012,-73.888367,4.990387,0
441.181671,409.158600,45.268105,1
1083.098877,156.062500,23.089083,0
391.088593,288.927887,44.289680,1
1236.564209,460.393066,33.789787,1
519.772949,358.455139,34.736168,1
1434.104370,482.146667,33.287762,1
238.685272,120.447395,36.744286,1
1857.240479,270.488586,29.566330,0
1252.937378,-29.117710,12.740868,0
2415.167725,424.045532,50.969879,1
142.304764,90.179153,52.076481,1
1461.717651,388.558624,32.185432,1
2037.610962,406.009094,37.436447,1
210.629593,117.151413,26.077763,0
1128.147217,166.646317,19.848324,0
373.741882,-24.796286,10.831019,0
2522.965332,274.846649,51.328777,1
2167.711426,276.146729,34.535358,1
475.786591,451.182587,48.904079,1
2374.810059,7.303077,58.570820,1
1837.061768,-28.824732,20.275583,0
2621.823730,12.594986,50.826748,1
331.968140,121.509445,32.435375,1
236.561172,422.635590,59.258709,1
2437.382080,108.435318,36.960049,1
684.478271,268.565918,24.793848,0
150.004578,38.615070,18.167059,0
1167.531372,340.345490,27.071138,0
2593.502686,124.658951,45.981625,1
2091.067383,-7.235935,25.558641,0
164.961700,-22.305981,-6.930143,0
289.928894,46.397293,1.691946,0
1467.293335,128.101440,22.343515,0
1036.811401,355.397217,35.201881,1
314.090393,314.252136,57.098911,1
211.603134,459.385956,59.301434,1
760.325928,382.918793,30.491348,1
121.417892,54.637291,37.534718,1
2565.092773,83.092735,51.177097,1
187.884155,40.263073,-7.011322,0
2261.790771,306.744598,59.694511,1
1461.717651,403.683594,31.337320,1
2360.118408,303.210541,53.804745,1
2520.310059,170.949417,55.836361,1
441.181671,493.517853,54.751122,1
817.941833,-41.367840,9.132664,0
142.658768,8.017215,-7.387311,0
2002.652100,334.669037,32.416149,1
449.501038,-87.182228,-7.966247,0
214.612259,35.978271,17.323223,0
137.879578,-33.970150,22.042299,0
1062.477539,194.277771,25.635550,0
1662.974976,86.077461,20.079042,0
1789.889160,381.856750,34.340950,1
2084.163818,102.484215,30.256353,1
2367.375732,244.212173,57.893616,1
518.622437,354.152069,45.789360,1
556.944519,347.230469,33.415939,1
1925.830811,-96.832176,15.742364,0
818.649902,383.779419,36.094852,1
893.523926,128.211304,17.590260,0
2501.370361,155.348373,55.710320,1
179.122284,93.639931,25.911131,0
2876.271729,-90.002136,37.976929,1
1966.542603,156.868179,29.378338,0
218.771942,183.730576,26.675922,0
1272.319702,463.798950,38.916901,1
2577.837402,162.800980,41.991028,1
1835.734009,10.946992,19.113438,0
308.780182,51.396214,1.929075,0
842.191833,-43.473618,4.035463,0
710.940857,193.728439,29.128391,0
861.751160,88.549461,10.290537,0
2692.715332,74.394974,52.941677,1
1151.689209,35.575428,16.797693,0
808.029419,314.142273,28.455458,0
191.247299,24.497208,15.701773,0
414.188049,363.582275,43.905148,1
1422.067993,256.279175,26.528519,0
396.752838,260.966827,30.220037,1
390.026550,134.546951,28.827173,0
2321.884766,27.866447,27.250586,0
342.411560,120.062874,27.643665,0
938.306824,75.402077,10.931424,0
2245.506104,395.736572,41.847897,1
398.876923,88.256470,14.206366,0
479.857758,-6.411943,-2.619098,0
913.614258,184.627838,21.662037,0
1792.632812,436.661896,38.944672,1
447.022919,178.145706,25.695364,0
2740.949707,-87.475204,49.871822,1
535.880615,100.469986,24.434950,0
2783.077637,58.116402,47.504807,1
258.598602,18.601032,24.105961,0
1096.816895,-2.932832,8.743857,0
2493.582031,-88.262581,57.831657,1
301.522888,130.518509,35.725269,1
1144.520386,146.394226,17.299721,0
1039.466553,105.688652,13.277077,0
1053.804199,375.557739,32.294380,1
1002.472046,260.325928,28.365736,0
345.066681,9.555346,0.504165,0
1511.456665,404.983673,35.095066,1
1222.138062,422.708832,32.469559,1
759.794922,391.506683,31.903437,1
939.722839,401.174988,36.101261,1
1205.145386,-46.458324,13.490707,0
2384.279785,84.521011,30.737022,1
223.020111,45.262001,30.115358,1
281.078522,-13.553270,16.041445,0
1992.916626,-26.279490,22.465286,0
1989.288086,294.109924,34.558857,1
2545.887695,19.022184,56.344795,1
1932.380249,164.485611,27.011324,0
1238.511353,454.936371,38.188419,1
855.909912,76.226082,19.850460,0
2553.853027,147.218246,48.100834,1
2170.986084,198.599213,34.084595,1
224.259171,123.889885,34.050415,1
2422.513428,112.390503,33.118992,1
1730.414795,127.625343,26.921598,0
1398.437378,-77.074493,12.326427,0
823.429077,345.472565,35.723133,1
271.166107,-63.139744,-7.316813,0
1122.837036,332.947754,29.115574,0
349.226349,216.525772,39.912411,1
2479.332764,-73.686943,29.013029,0
487.646118,-91.357155,-4.432813,0
440.208130,53.044216,22.260201,0
2560.136719,170.583206,39.767143,1
1533.936523,120.612190,22.847681,0
2051.152100,140.955841,27.177954,0
505.877869,193.380539,26.940825,0
1681.649170,404.306152,31.670584,1
201.248199,6.735432,14.887844,0
233.375046,-42.301704,1.377911,0
162.395096,67.528305,45.983761,1
830.509338,167.616821,21.482590,0
512.073120,123.487038,22.144840,0
237.888733,321.576599,45.319378,1
1497.384521,313.006958,29.950865,0
2407.202393,111.346786,37.120274,1
375.157928,190.066223,20.395216,0
2324.717041,-80.516983,25.306557,0
125.666069,40.208141,40.831020,1
120.355843,35.007782,-2.260201,0
966.981995,224.784073,24.857937,0
1586.242188,393.502594,36.353344,1
370.821228,323.114716,41.717579,1
649.696350,-79.747917,5.795770,0
244.438004,310.260315,48.464005,1
2339.585449,161.500900,33.821835,1
244.438004,153.114410,29.577011,0
1144.785889,154.506058,23.129673,0
197.000031,85.345009,21.790216,0
927.155334,274.077576,23.236488,0
2282.235107,328.003784,57.485580,1
2202.758789,421.811554,46.101257,1
2819.187012,-67.790764,38.284554,1
621.729187,179.372543,22.841272,0
247.624130,-26.334421,7.526169,0
2415.256348,98.510704,35.261696,1
2409.680420,-72.130501,59.980774,1
1457.646362,159.614853,21.847897,0
1466.673828,425.327301,33.890194,1
402.682587,467.003387,47.355267,1
2244.886719,283.544403,58.927578,1
184.875031,80.272842,14.343089,0
611.285767,103.033531,15.122838,0
281.167023,358.125549,50.668663,1
203.106781,210.464798,47.120274,1
1674.834473,450.065613,33.800468,1
2702.008057,138.080994,42.787865,1
2022.653809,477.806946,41.448406,1
875.026733,435.563232,36.308483,1
638.898926,451.219208,44.650719,1
2447.825439,113.635674,39.438156,1
2168.684814,476.287140,59.436020,1
2665.456055,185.415207,49.139076,1
1638.901978,237.730026,28.158512,0
1618.103516,96.697906,21.845760,0
224.170670,201.235992,56.934418,1
1562.346191,271.111176,31.326639,1
351.438934,363.454071,49.581287,1
2732.364990,62.364571,49.158302,1
818.561340,-56.675922,7.641530,0
2505.353027,188.344986,42.458878,1
401.620544,-4.104743,10.053407,0
964.415405,390.993988,34.687035,1
846.528564,205.612366,28.342232,0
2411.539062,-52.720722,30.405899,1
339.844971,168.385880,39.792778,1
1526.236816,485.973694,37.878658,1
716.782166,228.574463,21.523178,0
2227.805420,-92.364265,23.443708,0
347.102264,62.144844,21.666309,0
182.839447,115.924545,25.135654,0
2304.715088,377.059235,50.403759,1
2810.513672,37.443157,41.422771,1
810.330505,131.012909,23.153172,0
2439.506104,29.294714,32.061527,1
145.225372,93.786438,17.936338,0
697.665344,57.310699,9.045076,0
1066.017578,473.741882,33.097630,1
1930.963989,264.409302,30.162359,1
2614.566406,-42.228462,53.225803,1
2852.198975,-53.709526,46.960052,1
1396.755859,401.083435,31.145054,1
628.278442,404.086426,38.968170,1
2478.447754,247.581421,54.823753,1
581.725525,324.909210,42.465286,1
2196.652100,352.595581,56.408890,1
994.772156,373.580109,28.102970,0
1751.478638,228.922409,27.389444,0
2663.243652,5.362105,41.847897,1
435.694458,210.171829,30.963470,1
2323.832031,194.405945,57.694935,1
2403.750732,428.989532,50.497753,1
2430.213135,263.109222,50.741295,1
2693.600342,-42.686241,43.418076,1
695.629761,116.180916,17.325359,0
2577.483398,40.153198,38.372143,1
2316.751465,275.835449,40.091858,1
240.101318,212.881866,36.400341,1
2560.933105,274.919891,44.945526,1
727.668091,1.461834,2.251655,0
1659.700195,29.660944,19.286476,0
2103.634766,43.943600,28.008972,0
553.846863,-27.396465,9.722281,0
646.687195,157.362579,15.439009,0
1238.865356,200.357056,23.360394,0
1781.481445,-21.976381,21.576586,0
158.146912,20.908234,32.245247,1
1578.099976,159.743027,22.371288,0
1007.251160,257.670807,24.197821,0
811.658081,-18.460649,9.335612,0
1186.205688,114.990692,18.137152,0
2745.109375,-80.315559,51.963253,1
750.502014,111.603134,21.850033,0
2685.192383,136.121704,47.571030,1
2165.233398,350.196838,58.690449,1
336.304810,137.806335,29.130527,0
955.211060,430.857269,39.201027,1
2642.445068,-5.514699,41.792355,1
1481.896484,16.110718,16.626791,0
1013.446472,62.126534,12.409742,0
301.522888,-1.467943,9.230933,0
472.600464,478.502777,55.171974,1
2311.529785,161.189621,34.020508,1
1947.160278,48.796047,23.635975,0
356.572144,291.088593,50.446484,1
2759.712646,-56.437881,46.616108,1
282.140564,312.182983,46.383251,1
1428.086182,475.170135,36.225166,1
1007.693665,417.673279,31.456953,1
722.003845,80.620743,13.967102,0
402.063049,401.614441,52.954494,1
514.108704,208.761841,24.422132,0
176.555679,1.535085,16.716515,0
2819.629395,-38.090149,46.178169,1
248.509171,209.622482,35.958130,1
758.909851,172.157959,20.871609,0
270.369568,294.531097,40.384537,1
2337.727051,345.783844,40.215763,1
1251.786865,390.371399,30.324717,1
134.162415,16.714985,18.141424,0
1948.753296,432.505249,36.831875,1
126.108582,109.021278,28.231148,0
2553.764404,-28.659933,56.620380,1
132.923370,-69.823296,-2.435377,0
134.516434,-39.536728,9.414655,0
792.187256,250.419632,30.049135,1
1742.362793,2.871790,18.384960,0
2481.810791,25.907166,56.782738,1
387.282928,44.730980,13.556933,0
1364.098022,119.678337,21.153601,0
415.161591,29.935610,2.490920,0
668.016602,-99.523911,5.165563,0
1251.078735,432.633423,31.480452,1
2633.948730,-49.900814,30.698570,1
1631.556030,127.753540,21.856441,0
610.135193,-26.993624,-3.779107,0
446.934418,-69.933167,-4.172185,0
1915.830078,395.956299,34.945526,1
751.387085,286.309418,26.737877,0
2408.264404,266.167175,51.901302,1
780.858826,258.513153,25.107883,0
403.567627,402.676483,51.055332,1
287.893311,117.426071,12.473831,0
2414.725342,177.742844,42.290108,1
588.894287,-49.607838,-0.591754,0
162.660599,67.253632,40.072632,1
240.720856,233.610046,41.845760,1
2485.085693,300.463898,46.757103,1
539.597717,16.605122,7.752618,0
361.970886,181.075470,30.512711,1
2090.359131,258.623016,36.759239,1
1165.672729,-62.865078,11.072420,0
513.223694,361.952576,46.656696,1
2461.101074,78.698082,31.676992,1
986.364319,75.017555,19.638968,0
209.479050,203.653061,59.224522,1
329.047516,15.927612,16.541336,0
2306.396729,449.644470,47.289040,1
1540.421997,0.000000,17.056257,0
1540.421997,0.000000,17.056257,0
1540.421997,0.000000,17.056257,0
1787.568237,0.000000,20.068186,0
1916.376831,0.000000,20.470078,0
2184.353516,0.000000,27.261915,0
2522.419434,0.000000,29.057838,0
2522.419434,0.000000,29.057838,0
2522.419434,0.000000,29.057838,0
2841.020996,0.000000,35.065315,1
1540.421997,0.000000,17.056257,0
1540.421997,0.000000,17.056257,0
1540.421997,0.000000,17.056257,0
1599.656250,0.000000,17.026716,0
2085.041992,0.000000,25.789810,0
2472.670654,0.000000,28.333851,0
2472.670654,0.000000,28.333851,0
2472.670654,0.000000,28.333851,0
2472.670654,0.000000,28.333851,0
2621.945801,0.000000,30.427729,1
2621.945801,0.000000,30.427729,1
1609.534058,0.000000,16.880688,0
943.716064,0.000000,9.711855,0
847.702759,0.000000,8.683821,0
650.000000,0.000000,7.864964,0
705.762024,0.000000,8.319593,0
705.762024,0.000000,8.319593,0
705.762024,0.000000,8.319593,0
705.762024,0.000000,8.319593,0
705.762024,0.000000,8.319593,0
705.762024,0.000000,8.319593,0
705.762024,0.000000,8.319593,0
705.762024,0.000000,8.319593,0
705.762024,0.000000,8.319593,0
1540.421997,0.000000,17.056257,0
1540.421997,0.000000,17.056257,0
781.088989,500.000000,80.925728,1
781.088989,500.000000,80.925728,1
781.088989,500.000000,80.925728,1
781.088989,500.000000,80.925728,1
781.088989,500.000000,80.925728,1
1757.868042,260.000000,27.791296,0
1757.868042,260.000000,27.791296,0
1757.868042,260.000000,27.791296,0
1757.868042,260.000000,27.791296,0
1757.868042,260.000000,27.791296,0
1757.868042,260.000000,27.791296,0
1757.868042,260.000000,27.791296,0
1540.421997,0.000000,17.056257,0
1540.421997,0.000000,17.056257,0
2025.487549,0.000000,24.351261,0
2025.487549,0.000000,24.351261,0
2204.223145,0.000000,27.285652,0
2412.985596,0.000000,28.265926,0
2442.826172,0.000000,28.227558,0
2442.826172,0.000000,28.227558,0
2442.826172,0.000000,28.227558,0
2442.826172,0.000000,28.227558,0
2442.826172,0.000000,28.227558,0
2442.826172,0.000000,28.227558,0
2442.826172,0.000000,28.227558,0
2442.826172,0.000000,28.227558,0
2442.826172,0.000000,28.227558,0
2442.826172,0.000000,28.227558,0
2442.826172,0.000000,28.227558,0
2442.826172,0.000000,28.227558,0
2442.826172,0.000000,28.227558,0
650.000000,0.000000,7.864964,0
514.781494,0.000000,4.945320,0
514.781494,0.000000,4.945320,0
514.781494,60.000000,16.277325,0
514.781494,60.000000,16.277325,0
514.781494,60.000000,16.277325,0
454.862610,60.000000,12.630667,0
1579.905029,60.000000,18.291172,0
1579.905029,60.000000,18.291172,0
1579.905029,60.000000,18.291172,0
1579.905029,60.000000,18.291172,0
1579.905029,60.000000,18.291172,0
1579.905029,60.000000,18.291172,0
1579.905029,60.000000,18.291172,0
1579.905029,60.000000,18.291172,0
1579.905029,60.000000,18.291172,0
1579.905029,60.000000,18.291172,0
1579.905029,60.000000,18.291172,0
1579.905029,60.000000,18.291172,0
1579.905029,60.000000,18.291172,0
1579.905029,60.000000,18.291172,0
1579.905029,60.000000,18.291172,0
1579.905029,60.000000,18.291172,0
1579.905029,60.000000,18.291172,0
1579.905029,60.000000,18.291172,0
1579.905029,60.000000,18.291172,0
1579.905029,60.000000,18.291172,0
1579.905029,60.000000,18.291172,0
